{
  "strategies": [
    {
      "strategy": "Thompson Sampling",
      "total_reward": 456226.99,
      "cumulative_rewards": [
        3488.47,
        7306.43,
        12963.650000000001,
        19365.93,
        24696.58,
        27559.050000000003,
        33854.03,
        39334.27,
        43764.0,
        47863.78,
        53132.11,
        57143.01,
        63250.0,
        68684.97,
        74825.22,
        80319.03,
        87640.04,
        92160.90999999999,
        98487.10999999999,
        104460.60999999999,
        109303.30999999998,
        112949.47999999998,
        117718.11999999998,
        123798.45999999998,
        127677.27999999998,
        132167.02999999997,
        136839.87999999998,
        143080.31999999998,
        149294.11999999997,
        154151.26999999996,
        158289.17999999996,
        164391.49999999997,
        169331.97999999998,
        173672.15,
        177023.96,
        180739.47,
        187768.35,
        192731.98,
        198229.44,
        202632.8,
        206316.94,
        210240.26,
        214593.38,
        221248.49,
        226421.50999999998,
        231033.52,
        236621.3,
        239918.83,
        243804.94999999998,
        248498.46999999997,
        253666.25999999998,
        258340.56999999998,
        262853.88999999996,
        267783.54,
        273723.3,
        278415.91,
        282888.12999999995,
        287421.43999999994,
        291934.86999999994,
        296730.81999999995,
        300851.01999999996,
        305678.43999999994,
        313678.9199999999,
        318421.2099999999,
        324403.2799999999,
        331078.0399999999,
        337433.8999999999,
        342955.8299999999,
        348353.7399999999,
        352629.96999999986,
        358539.41999999987,
        365260.2499999999,
        369350.9899999999,
        374917.0199999999,
        382125.04999999993,
        387885.88999999996,
        391819.61999999994,
        398658.7299999999,
        402650.9699999999,
        406835.0999999999,
        411333.7199999999,
        413597.7599999999,
        420628.0299999999,
        425179.3999999999,
        431601.3399999999,
        436497.1099999999,
        440549.3299999999,
        444721.4599999999,
        451386.0799999999,
        456226.9899999999
      ],
      "cumulative_regret": [
        3168.93,
        5213.45,
        5783.14,
        5783.14,
        6578.63,
        9886.32,
        10026.99,
        11811.53,
        13672.14,
        16405.31,
        17336.02,
        20037.93,
        20741.99,
        22285.18,
        22285.18,
        24149.25,
        24149.25,
        26979.62,
        27536.05,
        28078.9,
        29874.64,
        33297.94,
        35670.52,
        35670.52,
        37547.12,
        38986.61,
        40277.64,
        40660.83,
        40660.83,
        41507.39,
        43222.24,
        43222.24,
        44841.53,
        46198.65,
        48615.33,
        52285.66,
        52285.66,
        52905.11,
        53853.88,
        57114.62,
        59265.26,
        62354.83,
        63634.84,
        63634.84,
        63634.84,
        65018.04,
        65547.01,
        68566.13,
        71339.04,
        73940.27,
        76141.16,
        78402.23,
        80098.28,
        81492.51,
        81948.71,
        83696.92,
        85464.81,
        87324.86,
        91142.6,
        92792.64,
        95314.86,
        96360.11,
        96360.11,
        97111.71,
        98382.43,
        98499.01,
        98499.01,
        99309.85,
        99964.92,
        102287.02,
        102345.08,
        102345.08,
        104685.35,
        106006.62,
        106006.62,
        106938.71,
        108655.43,
        108655.43,
        110697.67,
        113499.31,
        114585.97,
        117635.48,
        117635.48,
        118447.29,
        118556.19,
        120693.24,
        122701.19,
        126732.71,
        126732.71,
        129484.08
      ],
      "arm_counts": {
        "0.8": 19,
        "0.9": 7,
        "0.95": 9,
        "1.0": 20,
        "1.05": 13,
        "1.1": 9,
        "1.2": 13
      }
    },
    {
      "strategy": "Epsilon-Greedy (\u03b5=0.1)",
      "total_reward": 463898.97,
      "cumulative_rewards": [
        4529.55,
        9991.060000000001,
        14613.370000000003,
        20790.160000000003,
        25268.960000000003,
        28131.430000000004,
        32470.360000000004,
        37950.600000000006,
        42877.37000000001,
        49161.24000000001,
        54429.570000000014,
        60150.77000000001,
        66961.82,
        72853.79000000001,
        78808.13,
        82852.68000000001,
        86698.84000000001,
        91219.71,
        96950.1,
        102475.20000000001,
        107683.01000000001,
        114752.48000000001,
        120794.99,
        124388.62000000001,
        129512.45000000001,
        135441.69,
        141405.57,
        146618.14,
        150790.27000000002,
        155647.42,
        160580.89,
        165287.06000000003,
        169829.34000000003,
        174169.51000000004,
        177906.08000000005,
        182560.11000000004,
        187874.88000000003,
        192471.09000000003,
        197968.55000000002,
        203087.55000000002,
        206771.69000000003,
        213784.58000000005,
        219171.44000000003,
        225054.59000000003,
        229834.62000000002,
        234446.63000000003,
        239464.56000000003,
        244340.90000000002,
        248227.02000000002,
        252920.54,
        258088.33000000002,
        263841.0,
        268946.98,
        275193.25,
        281589.21,
        287158.43,
        291630.64999999997,
        296853.52999999997,
        301366.95999999996,
        306695.94999999995,
        311616.13999999996,
        316529.47,
        324529.94999999995,
        329349.50999999995,
        334293.6699999999,
        338330.05999999994,
        343045.70999999996,
        348567.63999999996,
        352561.6,
        356651.00999999995,
        359881.94999999995,
        365833.57999999996,
        371123.48999999993,
        377098.4199999999,
        381110.50999999995,
        386871.35,
        392084.50999999995,
        398923.61999999994,
        404414.7299999999,
        408343.8899999999,
        413929.1699999999,
        419242.7199999999,
        426272.98999999993,
        430728.2099999999,
        435139.6199999999,
        442172.4399999999,
        448232.60999999987,
        452404.7399999999,
        459069.35999999987,
        463898.96999999986
      ],